Query seq	Subject seq	%ID	Length	Mismatch	Query start	Query end	Subject start	Subject end	E-value	Bit score
gyra	SRR5385756_gyra_146_2	98.947	95	1	26	120	1	95	2.38E-67	195
gyra	uk_17A1L_gyra_NODE_8_length_239336_cov_2.66633_ID_6420_2	98.947	95	1	26	120	1	95	8.11E-67	194
gyra	uk_19A13I_gyra_NODE_3_length_350049_cov_3.33728_ID_5559_2	98.947	95	1	26	120	1	95	8.11E-67	194
gyra	uk_8A23D_gyra_NODE_6_length_271882_cov_3.64421_ID_8466_2	98.947	95	1	26	120	1	95	8.11E-67	194
gyra	uk_18B32C_gyra_NODE_9_length_176866_cov_2.06808_ID_7815_2	97.895	95	2	26	120	1	95	3.05E-66	192
gyra	uk_8B35L_gyra_NODE_2_length_523041_cov_3.77677_ID_4838_2	97.895	95	2	26	120	1	95	3.29E-66	192
gyra	uk_8C11D_gyra_NODE_1_length_710112_cov_3.4814_ID_5807_2	97.895	95	2	26	120	1	95	4.01E-66	192
gyra	uk_8B10J_gyra_NODE_1_length_915178_cov_2.75426_ID_5528_2	97.895	95	2	26	120	1	95	4.01E-66	192
gyra	uk_19C33D_gyra_NODE_4_length_316726_cov_3.58041_ID_7410_2	97.895	95	2	26	120	1	95	9.23E-66	191
gyra	KP_NORM_BLD_2011_75132_gyra_6_1	72.414	58	15	64	120	1	58	1.69E-24	85.9
