Query seq	Subject seq	%ID	Length	Mismatch	Query start	Query end	Subject start	Subject end	E-value	Bit score
parc	SRR5385538_parc_1_1	99.167	120	1	1	120	1	120	6.53E-89	253
parc	uk_8B35L_parc_NODE_5_length_293730_cov_4.4387_ID_4844_1	99.167	120	1	1	120	1	120	1.02E-88	253
parc	uk_8C11D_parc_NODE_6_length_323808_cov_4.42351_ID_5817_1	99.167	120	1	1	120	1	120	2.27E-88	252
parc	uk_19C33D_parc_NODE_18_length_115815_cov_4.33855_ID_7438_1	99.167	120	1	1	120	1	120	2.27E-88	252
parc	uk_19A13I_parc_NODE_6_length_263910_cov_3.60292_ID_5565_1	99.167	120	1	1	120	1	120	2.27E-88	252
parc	uk_8B10J_parc_NODE_17_length_115833_cov_3.647_ID_5560_1	99.167	120	1	1	120	1	120	2.27E-88	252
parc	uk_8A23D_parc_NODE_11_length_161327_cov_4.44891_ID_8476_1	99.167	120	1	1	120	1	120	2.27E-88	252
parc	uk_18B32C_parc_NODE_2_length_283009_cov_2.41402_ID_7793_1	99.167	120	1	1	120	1	120	2.27E-88	252
parc	uk_17A1L_parc_NODE_1_length_790798_cov_3.01856_ID_6406_1	99.167	120	1	1	120	1	120	2.65E-88	251
